-- phpMyAdmin SQL Dump
-- version 4.7.9
-- https://www.phpmyadmin.net/
--
-- Host: 127.0.0.1
-- Waktu pembuatan: 06 Bulan Mei 2020 pada 13.37
-- Versi server: 10.1.31-MariaDB
-- Versi PHP: 7.2.3

SET SQL_MODE = "NO_AUTO_VALUE_ON_ZERO";
SET AUTOCOMMIT = 0;
START TRANSACTION;
SET time_zone = "+00:00";


/*!40101 SET @OLD_CHARACTER_SET_CLIENT=@@CHARACTER_SET_CLIENT */;
/*!40101 SET @OLD_CHARACTER_SET_RESULTS=@@CHARACTER_SET_RESULTS */;
/*!40101 SET @OLD_COLLATION_CONNECTION=@@COLLATION_CONNECTION */;
/*!40101 SET NAMES utf8mb4 */;

--
-- Database: `id13587466_sipih_tepu`
--

-- --------------------------------------------------------

--
-- Struktur dari tabel `histori_log`
--

CREATE TABLE `histori_log` (
  `log_id` int(11) NOT NULL,
  `log_time` timestamp NULL DEFAULT CURRENT_TIMESTAMP ON UPDATE CURRENT_TIMESTAMP,
  `log_user` int(11) DEFAULT NULL,
  `log_tipe` int(11) DEFAULT NULL,
  `log_desc` varchar(255) DEFAULT NULL
) ENGINE=InnoDB DEFAULT CHARSET=latin1;

--
-- Dumping data untuk tabel `histori_log`
--

INSERT INTO `histori_log` (`log_id`, `log_time`, `log_user`, `log_tipe`, `log_desc`) VALUES
(12, '2020-03-16 12:58:49', NULL, 2, 'menambahkan user'),
(13, '2020-03-16 13:07:46', 8, 2, 'menambahkan user'),
(14, '2020-03-16 15:00:14', 8, 3, 'mengubah data user'),
(15, '2020-03-16 15:00:58', 8, 4, 'menghapus data user'),
(16, '2020-03-16 15:03:19', 8, 1, 'Logout'),
(17, '2020-03-16 15:03:28', 8, 0, 'Login'),
(18, '2020-03-16 15:49:40', 8, 2, 'menambahkan data setoran telur'),
(19, '2020-03-16 15:49:49', 8, 1, 'Logout'),
(20, '2020-03-16 15:49:53', 5, 0, 'Login'),
(21, '2020-03-16 15:50:09', 5, 5, 'user telah validasi data setoran'),
(22, '2020-03-16 15:50:24', 5, 1, 'Logout'),
(23, '2020-03-16 15:50:29', 8, 0, 'Login'),
(24, '2020-03-16 16:02:35', 8, 1, 'Logout'),
(25, '2020-03-16 16:02:42', 5, 0, 'Login'),
(26, '2020-03-16 16:02:46', 5, 1, 'Logout'),
(27, '2020-03-16 16:10:58', NULL, 1, 'Logout'),
(28, '2020-03-16 16:11:03', 8, 0, 'Login'),
(29, '2020-03-16 16:12:41', 8, 1, 'Logout'),
(30, '2020-03-16 16:14:57', NULL, 1, 'Logout'),
(31, '2020-03-16 16:18:21', 8, 0, 'Login'),
(32, '2020-03-16 16:32:14', 8, 1, 'Logout'),
(33, '2020-03-16 16:32:21', 5, 0, 'Login'),
(34, '2020-03-16 16:32:31', 5, 1, 'Logout'),
(35, '2020-03-16 16:32:35', 8, 0, 'Login'),
(36, '2020-03-16 16:44:48', 8, 1, 'Logout'),
(37, '2020-03-16 16:44:53', 8, 0, 'Login'),
(38, '2020-03-16 16:48:11', 8, 2, 'menambahkan data setoran telur'),
(39, '2020-03-16 16:48:48', 8, 1, 'Logout'),
(40, '2020-03-16 16:50:47', 5, 0, 'Login'),
(41, '2020-03-16 16:51:51', 5, 1, 'Logout'),
(42, '2020-03-16 16:51:56', 8, 0, 'Login'),
(43, '2020-03-16 16:59:42', 8, 4, 'menghapus data setoran telur'),
(44, '2020-03-16 16:59:48', 8, 4, 'menghapus data setoran telur'),
(45, '2020-03-16 17:04:59', 8, 2, 'menambahkan data setoran telur'),
(46, '2020-03-16 17:05:25', 8, 2, 'menambahkan data setoran telur'),
(47, '2020-03-16 17:05:51', 8, 4, 'menghapus data setoran telur'),
(48, '2020-03-16 17:53:05', 8, 1, 'Logout'),
(49, '2020-03-16 17:53:12', 5, 0, 'Login'),
(50, '2020-03-16 17:53:37', 5, 5, 'user telah validasi data setoran'),
(51, '2020-03-16 17:56:45', 5, 1, 'Logout'),
(52, '2020-03-16 17:56:59', 8, 0, 'Login'),
(53, '2020-03-16 18:00:55', 8, 4, 'menghapus data setoran telur'),
(54, '2020-03-17 04:27:53', 8, 0, 'Login'),
(55, '2020-03-17 06:22:24', 8, 1, 'Logout'),
(56, '2020-03-17 06:22:30', 5, 0, 'Login'),
(57, '2020-03-17 07:05:12', 5, 1, 'Logout'),
(58, '2020-03-17 07:05:20', 8, 0, 'Login'),
(59, '2020-03-17 07:14:21', 8, 1, 'Logout'),
(60, '2020-03-17 07:15:58', 8, 0, 'Login'),
(61, '2020-03-17 07:17:12', 8, 0, 'Login'),
(62, '2020-03-17 07:17:41', 8, 1, 'Logout'),
(63, '2020-03-17 07:17:46', 5, 0, 'Login'),
(64, '2020-03-18 04:19:53', NULL, 1, 'Logout'),
(65, '2020-03-18 04:20:02', 8, 0, 'Login'),
(66, '2020-03-18 04:54:27', NULL, 1, 'Logout'),
(67, '2020-03-18 04:54:32', 8, 0, 'Login'),
(68, '2020-03-18 07:24:17', 8, 0, 'Login'),
(69, '2020-03-18 07:26:32', 8, 0, 'Login'),
(70, '2020-03-18 08:17:24', 8, 1, 'Logout'),
(71, '2020-03-18 08:17:30', 8, 0, 'Login'),
(72, '2020-03-18 08:37:59', 8, 1, 'Logout'),
(73, '2020-03-18 08:38:04', 5, 0, 'Login'),
(74, '2020-03-18 08:52:33', 5, 1, 'Logout'),
(75, '2020-03-18 08:52:39', 8, 0, 'Login'),
(76, '2020-03-24 11:27:58', 8, 0, 'Login'),
(77, '2020-04-04 05:15:03', 8, 0, 'Login'),
(78, '2020-04-04 05:19:20', 8, 1, 'Logout'),
(79, '2020-04-04 05:19:25', 5, 0, 'Login'),
(80, '2020-04-06 14:24:49', 8, 0, 'Login'),
(81, '2020-04-06 15:28:48', 8, 0, 'Login'),
(82, '2020-04-07 05:10:52', 8, 0, 'Login'),
(83, '2020-04-07 10:07:47', 8, 0, 'Login'),
(84, '2020-04-07 15:38:02', 8, 1, 'Logout'),
(85, '2020-04-07 15:38:09', 8, 0, 'Login'),
(86, '2020-04-08 02:22:13', 8, 0, 'Login'),
(87, '2020-04-08 03:17:43', 8, 0, 'Login'),
(88, '2020-04-08 12:43:46', 8, 0, 'Login'),
(89, '2020-04-09 03:56:28', 8, 0, 'Login'),
(90, '2020-04-09 11:27:51', 8, 0, 'Login'),
(91, '2020-04-09 17:42:09', 8, 1, 'Logout'),
(92, '2020-04-09 17:42:16', 5, 0, 'Login'),
(93, '2020-04-09 17:53:53', 5, 1, 'Logout'),
(94, '2020-04-09 17:53:59', 8, 0, 'Login'),
(95, '2020-04-10 03:37:41', 8, 0, 'Login'),
(96, '2020-04-10 11:05:58', 8, 0, 'Login'),
(97, '2020-04-11 04:36:14', NULL, 1, 'Logout'),
(98, '2020-04-11 04:36:22', 8, 0, 'Login'),
(99, '2020-04-11 10:17:34', 8, 0, 'Login'),
(100, '2020-04-11 14:02:30', 8, 1, 'Logout'),
(101, '2020-04-11 14:02:52', 5, 0, 'Login'),
(102, '2020-04-12 12:01:16', 8, 0, 'Login'),
(103, '2020-04-12 12:25:24', 8, 1, 'Logout'),
(104, '2020-04-12 12:25:31', 5, 0, 'Login'),
(105, '2020-04-12 12:31:31', 5, 1, 'Logout'),
(106, '2020-04-12 12:31:44', 8, 0, 'Login'),
(107, '2020-04-12 12:32:06', 8, 1, 'Logout'),
(108, '2020-04-12 12:32:17', 5, 0, 'Login'),
(109, '2020-04-12 12:35:58', 5, 1, 'Logout'),
(110, '2020-04-12 12:36:03', 8, 0, 'Login'),
(111, '2020-04-12 12:37:37', 8, 1, 'Logout'),
(112, '2020-04-12 12:37:43', 8, 0, 'Login'),
(113, '2020-04-12 12:57:29', 8, 1, 'Logout'),
(114, '2020-04-12 12:57:34', 5, 0, 'Login'),
(115, '2020-04-12 12:59:51', 5, 1, 'Logout'),
(116, '2020-04-12 12:59:58', 8, 0, 'Login'),
(117, '2020-04-12 14:19:03', 8, 1, 'Logout'),
(118, '2020-04-12 14:19:09', 8, 0, 'Login'),
(119, '2020-04-12 14:19:15', 8, 1, 'Logout'),
(120, '2020-04-12 14:19:23', 5, 0, 'Login'),
(121, '2020-04-12 14:29:26', 8, 0, 'Login'),
(122, '2020-04-12 14:29:30', 8, 1, 'Logout'),
(123, '2020-04-12 14:29:35', 5, 0, 'Login'),
(124, '2020-04-12 14:33:51', 5, 0, 'Login'),
(125, '2020-04-12 14:50:23', 5, 1, 'Logout'),
(126, '2020-04-12 14:50:28', 8, 0, 'Login'),
(127, '2020-04-12 15:27:25', 8, 2, 'menambahkan user'),
(128, '2020-04-13 04:50:24', 8, 0, 'Login'),
(129, '2020-04-13 08:55:59', 8, 1, 'Logout'),
(130, '2020-04-13 08:56:08', 5, 0, 'Login'),
(131, '2020-04-13 08:56:45', 5, 0, 'Login'),
(132, '2020-04-13 09:11:28', 5, 1, 'Logout'),
(133, '2020-04-13 09:11:45', 8, 0, 'Login'),
(134, '2020-04-13 09:12:45', 8, 2, 'menambahkan data setoran telur'),
(135, '2020-04-14 02:43:56', 8, 0, 'Login'),
(136, '2020-04-14 09:54:15', 8, 0, 'Login'),
(137, '2020-04-14 10:09:31', 8, 1, 'Logout'),
(138, '2020-04-14 10:15:01', 8, 0, 'Login'),
(139, '2020-04-14 10:15:48', 8, 0, 'Login'),
(140, '2020-04-14 10:16:12', 8, 0, 'Login'),
(141, '2020-04-14 10:16:17', 8, 0, 'Login'),
(142, '2020-04-14 10:16:52', 8, 0, 'Login'),
(143, '2020-04-14 10:17:27', 8, 0, 'Login'),
(144, '2020-04-14 10:20:36', 8, 0, 'Login'),
(145, '2020-04-14 10:28:24', 8, 0, 'Login'),
(146, '2020-04-14 10:53:21', 8, 1, 'Logout'),
(147, '2020-04-14 10:53:28', 5, 0, 'Login'),
(148, '2020-04-14 10:54:38', 5, 0, 'Login'),
(149, '2020-04-14 10:59:25', 5, 0, 'Login'),
(150, '2020-04-14 11:03:40', 8, 0, 'Login'),
(151, '2020-04-14 11:03:44', 8, 1, 'Logout'),
(152, '2020-04-14 11:03:55', 5, 0, 'Login'),
(153, '2020-04-14 13:08:44', 5, 0, 'Login'),
(154, '2020-04-14 13:30:34', 8, 0, 'Login'),
(155, '2020-04-14 13:35:33', 8, 0, 'Login'),
(156, '2020-04-14 13:36:43', 8, 3, 'mengubah data setoran telur'),
(157, '2020-04-14 14:36:21', 8, 0, 'Login'),
(158, '2020-04-14 14:48:03', 8, 0, 'Login'),
(159, '2020-04-14 14:56:35', 8, 1, 'Logout'),
(160, '2020-04-14 14:56:41', 5, 0, 'Login'),
(164, '2020-04-14 16:17:59', 5, 0, 'Login'),
(165, '2020-04-14 16:18:18', 5, 5, 'user telah validasi data setoran'),
(166, '2020-04-14 17:00:29', 5, 1, 'Logout'),
(167, '2020-04-14 17:00:35', 8, 0, 'Login'),
(168, '2020-04-16 04:15:46', 8, 0, 'Login'),
(169, '2020-04-16 04:42:21', 8, 0, 'Login'),
(170, '2020-04-16 04:55:14', 8, 1, 'Logout'),
(171, '2020-04-16 04:55:20', 5, 0, 'Login'),
(172, '2020-04-16 05:12:48', 5, 1, 'Logout'),
(173, '2020-04-16 05:12:52', 8, 0, 'Login'),
(174, '2020-04-16 05:13:10', 8, 0, 'Login'),
(175, '2020-04-16 05:18:00', 8, 1, 'Logout'),
(176, '2020-04-16 05:18:05', 5, 0, 'Login'),
(177, '2020-04-16 05:23:38', 5, 1, 'Logout'),
(178, '2020-04-16 05:23:44', 8, 0, 'Login'),
(179, '2020-04-16 08:33:32', 8, 0, 'Login'),
(180, '2020-04-17 02:23:42', 8, 0, 'Login'),
(181, '2020-04-17 05:53:20', 8, 0, 'Login'),
(182, '2020-04-17 10:58:31', 8, 0, 'Login'),
(183, '2020-04-18 04:29:02', 8, 0, 'Login'),
(184, '2020-04-18 04:41:27', 8, 1, 'Logout'),
(185, '2020-04-18 04:41:33', 5, 0, 'Login'),
(186, '2020-04-18 04:44:32', 5, 1, 'Logout'),
(187, '2020-04-18 04:44:37', 5, 0, 'Login'),
(188, '2020-04-18 04:46:01', 5, 1, 'Logout'),
(189, '2020-04-18 04:46:06', 5, 0, 'Login'),
(190, '2020-04-18 04:46:22', 5, 1, 'Logout'),
(191, '2020-04-18 04:51:51', 8, 0, 'Login'),
(192, '2020-04-18 04:52:20', 8, 3, 'mengubah data user'),
(193, '2020-04-18 04:52:26', 8, 1, 'Logout'),
(196, '2020-04-18 04:54:59', 8, 0, 'Login'),
(197, '2020-04-18 04:55:14', 8, 2, 'menambahkan user'),
(198, '2020-04-18 04:55:25', 8, 2, 'menambahkan user'),
(199, '2020-04-18 04:55:54', 8, 2, 'menambahkan user'),
(200, '2020-04-18 05:14:21', 8, 2, 'menambahkan data setoran telur'),
(201, '2020-04-18 05:21:15', 8, 4, 'menghapus data user'),
(202, '2020-04-18 09:26:08', 8, 0, 'Login'),
(203, '2020-04-18 10:30:06', 8, 2, 'menambahkan user'),
(204, '2020-04-18 10:30:28', 8, 3, 'mengubah data user'),
(205, '2020-04-18 11:16:49', 8, 3, 'mengubah data setoran telur'),
(206, '2020-04-18 11:43:59', 8, 3, 'mengubah data setoran telur'),
(207, '2020-04-18 16:33:10', 8, 2, 'menambahkan user'),
(208, '2020-04-18 16:33:55', 8, 2, 'menambahkan user'),
(209, '2020-04-18 16:35:39', 8, 2, 'menambahkan user'),
(210, '2020-04-18 16:40:54', 8, 2, 'menambahkan user'),
(211, '2020-04-18 16:41:04', 8, 4, 'menghapus data user'),
(212, '2020-04-18 16:41:12', 8, 4, 'menghapus data user'),
(213, '2020-04-18 16:42:16', 8, 2, 'menambahkan data setoran telur'),
(214, '2020-04-21 12:56:22', 8, 0, 'Login'),
(215, '2020-04-21 13:25:18', 8, 1, 'Logout'),
(216, '2020-04-21 13:25:24', 5, 0, 'Login'),
(217, '2020-04-21 14:34:47', 5, 1, 'Logout'),
(218, '2020-04-21 14:34:53', 8, 0, 'Login'),
(219, '2020-04-21 15:02:08', 8, 0, 'Login'),
(220, '2020-04-22 09:57:17', 8, 0, 'Login'),
(221, '2020-04-22 10:02:33', 8, 1, 'Logout'),
(222, '2020-04-22 10:03:04', 8, 0, 'Login'),
(223, '2020-04-22 10:04:42', 8, 2, 'menambahkan data setoran telur'),
(224, '2020-04-22 10:13:54', 8, 1, 'Logout'),
(225, '2020-04-22 10:14:01', 13, 0, 'Login'),
(226, '2020-04-22 10:15:08', 13, 5, 'user telah validasi data setoran'),
(227, '2020-04-22 10:15:17', 13, 5, 'user telah validasi data setoran'),
(228, '2020-04-22 10:17:31', 13, 1, 'Logout'),
(229, '2020-04-22 12:13:59', 8, 0, 'Login'),
(230, '2020-04-22 12:15:03', 8, 2, 'menambahkan user'),
(231, '2020-04-22 12:15:59', 8, 2, 'menambahkan data setoran telur'),
(232, '2020-04-22 12:21:35', 8, 1, 'Logout'),
(233, '2020-04-22 12:21:42', 13, 0, 'Login'),
(234, '2020-04-22 12:22:23', 13, 5, 'user telah validasi data setoran'),
(235, '2020-04-22 12:22:31', 13, 5, 'user telah validasi data setoran'),
(236, '2020-04-22 12:24:05', 13, 1, 'Logout'),
(237, '2020-04-22 12:52:50', 8, 0, 'Login'),
(238, '2020-04-22 16:23:18', 8, 0, 'Login'),
(239, '2020-04-23 04:39:48', 8, 0, 'Login'),
(240, '2020-04-23 05:23:24', 8, 0, 'Login'),
(241, '2020-04-23 11:27:42', 8, 0, 'Login'),
(242, '2020-04-23 11:29:04', 8, 0, 'Login'),
(243, '2020-04-23 13:29:39', 8, 0, 'Login'),
(244, '2020-04-23 15:19:51', 8, 1, 'Logout'),
(245, '2020-04-23 15:20:20', 8, 0, 'Login'),
(246, '2020-04-23 15:21:44', 8, 1, 'Logout'),
(247, '2020-04-23 15:21:49', 13, 0, 'Login'),
(248, '2020-04-23 15:28:40', 8, 0, 'Login'),
(249, '2020-04-23 15:29:08', 13, 0, 'Login'),
(250, '2020-04-23 15:29:38', 13, 0, 'Login'),
(251, '2020-04-23 15:29:42', 13, 1, 'Logout'),
(252, '2020-04-23 15:29:47', 8, 0, 'Login'),
(253, '2020-04-23 15:32:46', 8, 0, 'Login'),
(254, '2020-04-23 15:33:01', 8, 0, 'Login'),
(255, '2020-04-24 03:48:45', 8, 0, 'Login'),
(256, '2020-04-24 04:27:54', 8, 1, 'Logout'),
(257, '2020-04-24 04:28:08', 8, 0, 'Login'),
(258, '2020-04-24 04:31:50', 8, 1, 'Logout'),
(259, '2020-04-24 04:36:17', 8, 0, 'Login'),
(260, '2020-04-24 04:38:13', 8, 1, 'Logout'),
(261, '2020-04-24 05:30:03', 8, 0, 'Login'),
(262, '2020-04-24 05:31:07', 8, 2, 'menambahkan user'),
(263, '2020-04-24 05:31:38', 8, 3, 'mengubah data user'),
(264, '2020-04-24 05:31:45', 8, 4, 'menghapus data user'),
(265, '2020-04-24 05:32:35', 8, 2, 'menambahkan data setoran telur'),
(266, '2020-04-24 05:41:37', 8, 1, 'Logout'),
(267, '2020-04-24 05:41:44', 13, 0, 'Login'),
(268, '2020-04-24 05:42:49', 13, 5, 'user telah validasi data setoran'),
(269, '2020-04-24 05:43:05', 13, 5, 'user telah validasi data setoran'),
(270, '2020-04-24 05:45:42', 13, 1, 'Logout'),
(271, '2020-04-24 08:37:04', 8, 0, 'Login'),
(272, '2020-04-25 03:27:25', 8, 0, 'Login'),
(273, '2020-04-25 05:40:37', 8, 1, 'Logout'),
(274, '2020-04-25 05:40:51', 8, 0, 'Login'),
(275, '2020-04-25 07:06:01', 8, 4, 'menghapus data user'),
(276, '2020-04-25 07:31:39', 8, 2, 'menambahkan user'),
(277, '2020-04-25 07:32:32', 8, 2, 'menambahkan user');

-- --------------------------------------------------------

--
-- Struktur dari tabel `setoran_telur`
--

CREATE TABLE `setoran_telur` (
  `id_setoran` int(11) NOT NULL,
  `id_user` int(11) NOT NULL,
  `tgl_setoran` date NOT NULL,
  `jml_setoran` varchar(100) NOT NULL,
  `harga` varchar(100) NOT NULL,
  `total` varchar(100) NOT NULL,
  `status` varchar(50) NOT NULL
) ENGINE=InnoDB DEFAULT CHARSET=latin1;

--
-- Dumping data untuk tabel `setoran_telur`
--

INSERT INTO `setoran_telur` (`id_setoran`, `id_user`, `tgl_setoran`, `jml_setoran`, `harga`, `total`, `status`) VALUES
(15, 5, '2019-01-01', '20', '16600', '332000', 'data belum dikonfirmasi'),
(16, 5, '2019-01-08', '30', '17000', '510000', 'data belum dikonfirmasi'),
(17, 5, '2019-01-15', '40', '19000', '760000', 'data belum dikonfirmasi'),
(18, 5, '2019-01-22', '50', '21500', '1075000', 'data belum dikonfirmasi'),
(19, 5, '2019-01-29', '60', '21200', '1272000', 'data belum dikonfirmasi'),
(20, 5, '2019-02-05', '30', '21000', '630000', 'data belum dikonfirmasi'),
(21, 5, '2019-02-12', '40', '22000', '880000', 'data belum dikonfirmasi'),
(22, 5, '2019-02-19', '50', '22500', '1125000', 'data belum dikonfirmasi'),
(23, 5, '2019-02-26', '30', '22800', '684000', 'data belum dikonfirmasi'),
(24, 5, '2019-03-05', '20', '22300', '446000', 'data belum dikonfirmasi'),
(25, 5, '2019-03-12', '60', '21300', '1278000', 'data belum dikonfirmasi'),
(26, 5, '2019-03-19', '30', '20800', '624000', 'data belum dikonfirmasi'),
(27, 5, '2019-03-26', '40', '20000', '800000', 'data belum dikonfirmasi'),
(28, 5, '2019-04-02', '70', '19500', '1365000', 'data belum dikonfirmasi'),
(29, 5, '2019-04-09', '80', '19000', '1520000', 'data belum dikonfirmasi'),
(30, 5, '2019-04-16', '90', '19000', '1710000', 'data belum dikonfirmasi'),
(31, 5, '2019-04-23', '60', '19000', '1140000', 'data belum dikonfirmasi'),
(32, 5, '2019-04-30', '30', '19000', '570000', 'data belum dikonfirmasi'),
(33, 5, '2019-05-07', '40', '18800', '752000', 'data belum dikonfirmasi'),
(34, 5, '2019-05-14', '50', '20000', '1000000', 'data belum dikonfirmasi'),
(35, 5, '2019-05-21', '60', '20000', '1200000', 'data belum dikonfirmasi'),
(36, 5, '2019-05-28', '80', '19500', '1560000', 'data belum dikonfirmasi'),
(60, 13, '2018-01-02', '111.5', '18000', '2007000', 'data perlu dikoreksi lagi'),
(61, 13, '2018-01-09', '109.5', '17700', '1938150', 'data belum dikonfirmasi'),
(62, 13, '2018-01-16', '119.8', '19000', '2276200', 'data belum dikonfirmasi'),
(63, 13, '2018-01-23', '116.3', '21700', '2523710', 'data belum dikonfirmasi'),
(64, 13, '2018-01-30', '120', '22200', '2664000', 'data belum dikonfirmasi'),
(65, 13, '2018-02-02', '121.5', '21700', '2636550', 'data belum dikonfirmasi'),
(66, 13, '2018-02-09', '124.2', '21500', '2670300', 'data belum dikonfirmasi'),
(67, 13, '2018-02-16', '123.3', '21500', '2650950', 'data belum dikonfirmasi'),
(68, 13, '2018-02-23', '118.7', '21300', '2528310', 'data belum dikonfirmasi'),
(69, 13, '2018-03-02', '124.3', '21300', '2647590', 'data belum dikonfirmasi'),
(70, 13, '2018-03-09', '121.6', '21300', '2590080', 'data belum dikonfirmasi'),
(71, 13, '2018-03-16', '114.7', '21500', '2466050', 'data belum dikonfirmasi'),
(72, 13, '2018-03-23', '115.7', '22800', '2637960', 'data belum dikonfirmasi'),
(73, 13, '2018-03-30', '104.1', '22400', '2331840', 'data belum dikonfirmasi'),
(74, 13, '2018-04-06', '114.7', '22400', '2569280', 'data belum dikonfirmasi'),
(75, 13, '2018-04-13', '103', '22200', '2286600', 'data belum dikonfirmasi'),
(76, 13, '2018-04-20', '105.2', '22200', '2335440', 'data belum dikonfirmasi'),
(77, 13, '2018-04-27', '105.3', '22000', '2316600', 'data belum dikonfirmasi'),
(78, 13, '2018-05-03', '102.4', '21000', '2150400', 'data belum dikonfirmasi'),
(79, 13, '2018-05-11', '84.6', '21000', '1776600', 'data belum dikonfirmasi'),
(80, 13, '2018-05-18', '99.5', '21000', '2089500', 'data belum dikonfirmasi'),
(81, 13, '2018-05-24', '96.3', '22300', '2147490', 'data belum dikonfirmasi'),
(82, 13, '2018-05-31', '88.4', '23000', '2033200', 'data belum dikonfirmasi'),
(83, 13, '2018-06-08', '52.8', '23000', '1214400', 'data belum dikonfirmasi'),
(84, 13, '2018-06-11', '28.6', '23000', '657800', 'data belum dikonfirmasi'),
(85, 13, '2018-06-20', '105.1', '22400', '2354240', 'data belum dikonfirmasi'),
(86, 13, '2018-06-23', '87.3', '22400', '1955520', 'data belum dikonfirmasi'),
(87, 13, '2018-07-02', '108.1', '23000', '2486300', 'data belum dikonfirmasi'),
(88, 13, '2018-07-11', '100', '24000', '2400000', 'data belum dikonfirmasi'),
(89, 13, '2018-07-19', '99.9', '25000', '2497500', 'data belum dikonfirmasi'),
(90, 13, '2018-07-26', '96.4', '25500', '2458200', 'data belum dikonfirmasi'),
(91, 13, '2018-08-02', '90', '25500', '2295000', 'data belum dikonfirmasi'),
(92, 13, '2018-08-09', '85.5', '25500', '2180250', 'data belum dikonfirmasi'),
(93, 13, '2018-08-11', '78.3', '25500', '1996650', 'data belum dikonfirmasi'),
(94, 13, '2018-08-23', '99.1', '21000', '2081100', 'data belum dikonfirmasi'),
(95, 13, '2018-09-01', '74.1', '17700', '1311570', 'data belum dikonfirmasi'),
(96, 13, '2018-09-10', '32', '14500', '464000', 'data belum dikonfirmasi'),
(97, 13, '2018-09-17', '85.7', '16000', '1371200', 'data belum dikonfirmasi'),
(98, 13, '2018-09-20', '84', '17500', '1470000', 'data belum dikonfirmasi'),
(99, 13, '2018-09-27', '79.9', '18000', '1438200', 'data belum dikonfirmasi'),
(100, 13, '2018-10-04', '53.1', '18500', '982350', 'data belum dikonfirmasi'),
(101, 13, '2018-10-08', '22.7', '18500', '419950', 'data belum dikonfirmasi'),
(102, 13, '2018-10-13', '82.6', '21300', '1759380', 'data belum dikonfirmasi'),
(103, 13, '2018-10-18', '56.6', '24000', '1358400', 'data belum dikonfirmasi'),
(104, 13, '2018-10-25', '22.8', '24500', '558600', 'data belum dikonfirmasi'),
(105, 13, '2018-10-30', '79.1', '21000', '1661100', 'data belum dikonfirmasi'),
(106, 13, '2018-11-05', '78.3', '21000', '1644300', 'data belum dikonfirmasi'),
(107, 13, '2018-11-10', '70', '20500', '1435000', 'data belum dikonfirmasi'),
(108, 13, '2018-11-17', '80', '21000', '1680000', 'data belum dikonfirmasi'),
(109, 13, '2018-11-24', '90', '20800', '1872000', 'data belum dikonfirmasi'),
(110, 13, '2018-11-27', '70', '20500', '1435000', 'data belum dikonfirmasi'),
(111, 13, '2018-12-04', '85', '19500', '1657500', 'data belum dikonfirmasi'),
(112, 13, '2018-12-12', '75', '19500', '1462500', 'data belum dikonfirmasi'),
(113, 13, '2018-12-19', '77.5', '19200', '1488000', 'data belum dikonfirmasi'),
(114, 13, '2018-12-25', '82.3', '18200', '1497860', 'data belum dikonfirmasi'),
(115, 15, '2019-01-01', '30', '16600', '498000', 'data belum dikonfirmasi'),
(116, 15, '2019-01-08', '40', '17000', '680000', 'data belum dikonfirmasi'),
(117, 15, '2019-01-15', '60', '19000', '1140000', 'data belum dikonfirmasi'),
(118, 15, '2019-01-22', '30', '21500', '645000', 'data belum dikonfirmasi'),
(119, 15, '2019-01-29', '40', '21200', '848000', 'data belum dikonfirmasi'),
(120, 15, '2019-02-05', '40', '21000', '840000', 'data belum dikonfirmasi'),
(121, 15, '2019-02-12', '30', '22000', '660000', 'data belum dikonfirmasi'),
(122, 15, '2019-02-19', '60', '22500', '1350000', 'data belum dikonfirmasi'),
(123, 15, '2019-02-26', '70', '22800', '1596000', 'data belum dikonfirmasi'),
(124, 15, '2019-03-05', '30', '22300', '669000', 'data belum dikonfirmasi'),
(125, 15, '2019-03-12', '20', '21300', '426000', 'data belum dikonfirmasi'),
(126, 15, '2019-03-19', '40', '20800', '832000', 'data belum dikonfirmasi'),
(127, 15, '2019-03-26', '50', '20000', '1000000', 'data belum dikonfirmasi'),
(128, 15, '2019-04-02', '70', '19500', '1365000', 'data belum dikonfirmasi'),
(129, 15, '2019-04-09', '70', '19000', '1330000', 'data belum dikonfirmasi'),
(130, 15, '2019-04-16', '50', '19000', '950000', 'data belum dikonfirmasi'),
(131, 15, '2019-04-23', '50', '19000', '950000', 'data belum dikonfirmasi'),
(132, 15, '2019-04-30', '65', '19000', '1235000', 'data belum dikonfirmasi'),
(133, 15, '2019-05-07', '65', '18800', '1222000', 'data belum dikonfirmasi'),
(134, 15, '2019-05-14', '55', '20000', '1100000', 'data belum dikonfirmasi'),
(135, 15, '2019-05-21', '45', '20000', '900000', 'data belum dikonfirmasi'),
(136, 15, '2019-05-28', '60', '19500', '1170000', 'data belum dikonfirmasi'),
(137, 15, '2019-06-03', '80', '19000', '1520000', 'data belum dikonfirmasi'),
(138, 15, '2019-06-11', '70', '19500', '1365000', 'data belum dikonfirmasi'),
(139, 15, '2019-06-17', '98.4', '22500', '2214000', 'data belum dikonfirmasi'),
(140, 15, '2019-06-24', '99', '24000', '2376000', 'data belum dikonfirmasi'),
(141, 15, '2019-07-02', '89', '23500', '2091500', 'data belum dikonfirmasi'),
(142, 15, '2019-07-09', '89.6', '22800', '2042880', 'data belum dikonfirmasi'),
(143, 15, '2019-07-16', '88', '23000', '2024000', 'data belum dikonfirmasi'),
(144, 15, '2019-07-23', '87.5', '24000', '2100000', 'data belum dikonfirmasi'),
(145, 15, '2019-07-31', '70', '24500', '1715000', 'data belum dikonfirmasi'),
(146, 15, '2019-08-07', '89', '24000', '2136000', 'data belum dikonfirmasi'),
(147, 15, '2019-08-14', '77', '22800', '1755600', 'data belum dikonfirmasi'),
(148, 15, '2019-08-21', '79', '20000', '1580000', 'data belum dikonfirmasi'),
(149, 15, '2019-08-28', '90', '19000', '1710000', 'data belum dikonfirmasi'),
(150, 15, '2019-09-04', '89', '18000', '1602000', 'data belum dikonfirmasi'),
(151, 15, '2019-09-11', '89.9', '20800', '1869920', 'data belum dikonfirmasi'),
(152, 15, '2019-09-18', '88', '21000', '1848000', 'data belum dikonfirmasi'),
(153, 15, '2019-09-28', '90', '21300', '1917000', 'data belum dikonfirmasi'),
(154, 15, '2019-10-04', '92.4', '21800', '2014320', 'data belum dikonfirmasi'),
(155, 15, '2019-10-16', '87', '22500', '1957500', 'data belum dikonfirmasi'),
(156, 15, '2019-10-22', '88.9', '23500', '2089150', 'data belum dikonfirmasi'),
(157, 15, '2019-10-30', '86', '21000', '1806000', 'data belum dikonfirmasi'),
(158, 15, '2019-11-05', '87', '20500', '1783500', 'data belum dikonfirmasi'),
(159, 15, '2019-11-13', '88', '20500', '1804000', 'data belum dikonfirmasi'),
(160, 15, '2019-11-20', '70', '21000', '1470000', 'data belum dikonfirmasi'),
(161, 15, '2019-11-27', '75', '20500', '1537500', 'data belum dikonfirmasi'),
(162, 15, '2019-12-04', '60', '19500', '1170000', 'data belum dikonfirmasi'),
(163, 15, '2019-12-10', '66', '19200', '1267200', 'data belum dikonfirmasi'),
(164, 15, '2019-12-18', '65', '19500', '1267500', 'data belum dikonfirmasi'),
(165, 15, '2019-12-25', '50', '19000', '950000', 'data belum dikonfirmasi'),
(166, 13, '2019-01-01', '144.8', '16600', '2403680', 'data belum dikonfirmasi'),
(167, 13, '2019-01-08', '70', '17000', '1190000', 'data belum dikonfirmasi'),
(168, 13, '2019-01-15', '145.4', '19000', '2762600', 'data belum dikonfirmasi'),
(169, 13, '2019-01-22', '141.1', '21500', '3033650', 'data belum dikonfirmasi'),
(170, 13, '2019-01-29', '140', '21200', '2968000', 'data belum dikonfirmasi'),
(171, 13, '2019-02-05', '140', '21000', '2940000', 'data belum dikonfirmasi'),
(172, 13, '2019-02-12', '134.2', '22000', '2952400', 'data belum dikonfirmasi'),
(173, 13, '2019-02-19', '130', '22500', '2925000', 'data belum dikonfirmasi'),
(174, 13, '2019-02-26', '178.8', '22800', '4076640', 'data belum dikonfirmasi'),
(175, 13, '2019-03-05', '238.5', '22300', '5318550', 'data belum dikonfirmasi'),
(176, 13, '2019-03-12', '254.6', '21300', '5422980', 'data belum dikonfirmasi'),
(177, 13, '2019-03-19', '260', '20800', '5408000', 'data belum dikonfirmasi'),
(178, 13, '2019-03-26', '270', '20000', '5400000', 'data belum dikonfirmasi'),
(179, 13, '2019-04-02', '266.7', '19500', '5200650', 'data belum dikonfirmasi'),
(180, 13, '2019-04-09', '260', '19000', '4940000', 'data belum dikonfirmasi'),
(181, 13, '2019-04-16', '270', '19000', '5130000', 'data belum dikonfirmasi'),
(182, 13, '2019-04-23', '254.1', '19000', '4827900', 'data belum dikonfirmasi'),
(183, 13, '2019-04-30', '260', '19000', '4940000', 'data belum dikonfirmasi'),
(184, 13, '2019-05-07', '258.7', '18800', '4863560', 'data belum dikonfirmasi'),
(185, 13, '2019-05-14', '280', '20000', '5600000', 'data belum dikonfirmasi'),
(186, 13, '2019-05-21', '260', '20000', '5200000', 'data belum dikonfirmasi'),
(187, 13, '2019-05-28', '258.7', '19500', '5044650', 'data belum dikonfirmasi'),
(188, 13, '2019-06-03', '110', '19000', '2090000', 'data belum dikonfirmasi'),
(189, 13, '2019-06-11', '250', '19500', '4875000', 'data belum dikonfirmasi'),
(190, 13, '2019-06-17', '257.5', '22500', '5793750', 'data belum dikonfirmasi'),
(191, 13, '2019-06-24', '250', '24000', '6000000', 'data belum dikonfirmasi'),
(192, 13, '2019-07-02', '334.8', '23500', '7867800', 'data belum dikonfirmasi'),
(193, 13, '2019-07-09', '263.4', '22800', '6005520', 'data belum dikonfirmasi'),
(194, 13, '2019-07-16', '212', '23000', '4876000', 'data belum dikonfirmasi'),
(195, 13, '2019-07-23', '256.6', '24000', '6158400', 'data belum dikonfirmasi'),
(196, 13, '2019-07-31', '316.5', '24500', '7754250', 'data belum dikonfirmasi'),
(197, 13, '2019-08-07', '210', '24000', '5040000', 'data belum dikonfirmasi'),
(198, 13, '2019-08-14', '263.8', '22800', '6014640', 'data belum dikonfirmasi'),
(199, 13, '2019-08-21', '256.1', '20000', '5122000', 'data belum dikonfirmasi'),
(200, 13, '2019-08-28', '249.7', '19000', '4744300', 'data belum dikonfirmasi'),
(201, 13, '2019-09-04', '250', '18000', '4500000', 'data belum dikonfirmasi'),
(202, 13, '2019-09-11', '245.1', '20800', '5098080', 'data belum dikonfirmasi'),
(203, 13, '2019-09-18', '232.4', '21000', '4880400', 'data belum dikonfirmasi'),
(204, 13, '2019-09-28', '224.6', '21300', '4783980', 'data belum dikonfirmasi'),
(205, 13, '2019-10-04', '250', '21800', '5450000', 'data belum dikonfirmasi'),
(206, 13, '2019-10-16', '109.4', '22500', '2461500', 'data belum dikonfirmasi'),
(207, 13, '2019-10-22', '48.7', '23500', '1144450', 'data belum dikonfirmasi'),
(208, 13, '2019-10-30', '96.5', '21000', '2026500', 'data belum dikonfirmasi'),
(209, 13, '2019-11-05', '126.4', '20500', '2591200', 'data belum dikonfirmasi'),
(210, 13, '2019-11-13', '136.2', '20500', '2792100', 'data belum dikonfirmasi'),
(211, 13, '2019-11-20', '138.8', '21000', '2914800', 'data belum dikonfirmasi'),
(212, 13, '2019-11-27', '140', '20500', '2870000', 'data belum dikonfirmasi'),
(213, 13, '2019-12-04', '129.16', '19500', '2518620', 'data belum dikonfirmasi'),
(214, 13, '2019-12-10', '130', '19200', '2496000', 'data belum dikonfirmasi'),
(215, 13, '2019-12-18', '132.5', '19500', '2583750', 'data belum dikonfirmasi'),
(216, 13, '2019-12-25', '144.8', '19000', '2751200', 'data belum dikonfirmasi'),
(217, 16, '2019-01-01', '100', '16600', '1660000', 'data belum dikonfirmasi'),
(218, 16, '2019-01-08', '144', '17000', '2448000', 'data belum dikonfirmasi'),
(219, 16, '2019-01-15', '145', '19000', '2755000', 'data belum dikonfirmasi'),
(220, 16, '2019-01-22', '144.5', '21500', '3106750', 'data belum dikonfirmasi'),
(221, 16, '2019-01-29', '150', '21200', '3180000', 'data belum dikonfirmasi'),
(222, 16, '2019-02-05', '149.6', '21000', '3141600', 'data belum dikonfirmasi'),
(223, 16, '2019-02-12', '134.2', '22000', '2952400', 'data belum dikonfirmasi'),
(224, 16, '2019-02-19', '130', '22500', '2925000', 'data belum dikonfirmasi'),
(225, 16, '2019-02-26', '178.8', '22800', '4076640', 'data belum dikonfirmasi'),
(226, 16, '2019-03-05', '238.5', '22300', '5318550', 'data belum dikonfirmasi'),
(227, 16, '2019-03-12', '254.6', '21300', '5422980', 'data belum dikonfirmasi'),
(228, 16, '2019-03-19', '260', '20800', '5408000', 'data belum dikonfirmasi'),
(229, 16, '2019-03-26', '270', '20000', '5400000', 'data belum dikonfirmasi'),
(230, 16, '2019-04-02', '266.7', '19500', '5200650', 'data belum dikonfirmasi'),
(231, 16, '2019-04-09', '260', '19000', '4940000', 'data belum dikonfirmasi'),
(232, 16, '2019-04-16', '270', '19000', '5130000', 'data belum dikonfirmasi'),
(233, 16, '2019-04-23', '254.1', '19000', '4827900', 'data belum dikonfirmasi'),
(234, 16, '2019-04-30', '260', '19000', '4940000', 'data belum dikonfirmasi'),
(235, 16, '2019-05-07', '258.7', '18800', '4863560', 'data belum dikonfirmasi'),
(236, 16, '2019-05-14', '280', '20000', '5600000', 'data belum dikonfirmasi'),
(237, 16, '2019-05-21', '260', '20000', '5200000', 'data belum dikonfirmasi'),
(238, 16, '2019-05-28', '258.7', '19500', '5044650', 'data belum dikonfirmasi'),
(239, 16, '2019-06-03', '110', '19000', '2090000', 'data belum dikonfirmasi'),
(240, 16, '2019-06-11', '250', '19500', '4875000', 'data belum dikonfirmasi'),
(241, 16, '2019-06-17', '257.5', '22500', '5793750', 'data belum dikonfirmasi'),
(242, 16, '2019-06-24', '250', '24000', '6000000', 'data belum dikonfirmasi'),
(243, 16, '2019-07-02', '334.8', '23500', '7867800', 'data belum dikonfirmasi'),
(244, 16, '2019-07-09', '263.4', '22800', '6005520', 'data belum dikonfirmasi'),
(245, 16, '2019-07-16', '212', '23000', '4876000', 'data belum dikonfirmasi'),
(246, 16, '2019-07-23', '256.6', '24000', '6158400', 'data belum dikonfirmasi'),
(247, 16, '2019-07-31', '316.5', '24500', '7754250', 'data belum dikonfirmasi'),
(248, 16, '2019-08-07', '210', '24000', '5040000', 'data belum dikonfirmasi'),
(249, 16, '2019-08-14', '263.8', '22800', '6014640', 'data belum dikonfirmasi'),
(250, 16, '2019-08-21', '256.1', '20000', '5122000', 'data belum dikonfirmasi'),
(251, 16, '2019-08-28', '249.7', '19000', '4744300', 'data belum dikonfirmasi'),
(252, 16, '2019-09-04', '250', '18000', '4500000', 'data belum dikonfirmasi'),
(253, 16, '2019-09-11', '245.1', '20800', '5098080', 'data belum dikonfirmasi'),
(254, 16, '2019-09-18', '232.4', '21000', '4880400', 'data belum dikonfirmasi'),
(255, 16, '2019-09-28', '224.6', '21300', '4783980', 'data belum dikonfirmasi'),
(256, 16, '2019-10-04', '250', '21800', '5450000', 'data belum dikonfirmasi'),
(257, 16, '2019-10-16', '109.4', '22500', '2461500', 'data belum dikonfirmasi'),
(258, 16, '2019-10-22', '48.7', '23500', '1144450', 'data belum dikonfirmasi'),
(259, 16, '2019-10-30', '96.5', '21000', '2026500', 'data belum dikonfirmasi'),
(260, 16, '2019-11-05', '126.4', '20500', '2591200', 'data belum dikonfirmasi'),
(261, 16, '2019-11-13', '136.2', '20500', '2792100', 'data belum dikonfirmasi'),
(262, 16, '2019-11-20', '138.8', '21000', '2914800', 'data belum dikonfirmasi'),
(263, 16, '2019-11-27', '140', '20500', '2870000', 'data belum dikonfirmasi'),
(264, 16, '2019-12-04', '129.16', '19500', '2518620', 'data belum dikonfirmasi'),
(265, 16, '2019-12-10', '130', '19200', '2496000', 'data belum dikonfirmasi'),
(266, 16, '2019-12-18', '132.5', '19500', '2583750', 'data belum dikonfirmasi'),
(267, 16, '2019-12-25', '144.8', '19000', '2751200', 'data belum dikonfirmasi'),
(268, 18, '2019-01-01', '141', '16600', '2340600', 'data belum dikonfirmasi'),
(269, 18, '2019-01-08', '106', '17000', '1802000', 'data belum dikonfirmasi'),
(270, 18, '2019-01-15', '114', '19000', '2166000', 'data belum dikonfirmasi'),
(271, 18, '2019-01-22', '235', '21500', '5052500', 'data belum dikonfirmasi'),
(272, 18, '2019-01-29', '124', '21200', '2628800', 'data belum dikonfirmasi'),
(273, 18, '2019-02-05', '124', '21000', '2604000', 'data belum dikonfirmasi'),
(274, 18, '2019-02-12', '248', '22000', '5456000', 'data belum dikonfirmasi'),
(275, 18, '2019-02-19', '225', '22500', '5062500', 'data belum dikonfirmasi'),
(276, 18, '2019-02-26', '200', '22800', '4560000', 'data belum dikonfirmasi'),
(277, 18, '2019-03-05', '156', '22300', '3478800', 'data belum dikonfirmasi'),
(278, 18, '2019-03-12', '209', '21300', '4451700', 'data belum dikonfirmasi'),
(279, 18, '2019-03-19', '174', '20800', '3619200', 'data belum dikonfirmasi'),
(280, 18, '2019-03-26', '174', '20000', '3480000', 'data belum dikonfirmasi'),
(281, 18, '2019-04-02', '112', '19500', '2184000', 'data belum dikonfirmasi'),
(282, 18, '2019-04-09', '109', '19000', '2071000', 'data belum dikonfirmasi'),
(283, 18, '2019-04-16', '191', '19000', '3629000', 'data belum dikonfirmasi'),
(284, 18, '2019-04-23', '111', '19000', '2109000', 'data belum dikonfirmasi'),
(285, 18, '2019-04-30', '189', '19000', '3591000', 'data belum dikonfirmasi'),
(286, 18, '2019-05-07', '186', '18800', '3496800', 'data belum dikonfirmasi'),
(287, 18, '2019-05-14', '175', '20000', '3500000', 'data belum dikonfirmasi'),
(288, 18, '2019-05-21', '178', '20000', '3560000', 'data belum dikonfirmasi'),
(289, 18, '2019-05-28', '184', '19500', '3588000', 'data belum dikonfirmasi'),
(290, 18, '2019-06-03', '208', '19000', '3952000', 'data belum dikonfirmasi'),
(291, 18, '2019-06-11', '232', '19500', '4524000', 'data belum dikonfirmasi'),
(292, 18, '2019-06-17', '245', '22500', '5512500', 'data belum dikonfirmasi'),
(293, 18, '2019-06-24', '174', '24000', '4176000', 'data belum dikonfirmasi'),
(294, 18, '2019-07-02', '143', '23500', '3360500', 'data belum dikonfirmasi'),
(295, 18, '2019-07-09', '233', '22800', '5312400', 'data belum dikonfirmasi'),
(296, 18, '2019-07-16', '143', '23000', '3289000', 'data belum dikonfirmasi'),
(297, 18, '2019-07-23', '239', '24000', '5736000', 'data belum dikonfirmasi'),
(298, 18, '2019-07-31', '189', '24500', '4630500', 'data belum dikonfirmasi'),
(299, 18, '2019-08-07', '219', '24000', '5256000', 'data belum dikonfirmasi'),
(300, 18, '2019-08-14', '242', '22800', '5517600', 'data belum dikonfirmasi'),
(301, 18, '2019-08-21', '208', '20000', '4160000', 'data belum dikonfirmasi'),
(302, 18, '2019-08-28', '158', '19000', '3002000', 'data belum dikonfirmasi'),
(303, 18, '2019-09-04', '150', '18000', '2700000', 'data belum dikonfirmasi'),
(304, 18, '2019-09-11', '169', '20800', '3515200', 'data belum dikonfirmasi'),
(305, 18, '2019-09-18', '247', '21000', '5187000', 'data belum dikonfirmasi'),
(306, 18, '2019-09-28', '147', '21300', '3131100', 'data belum dikonfirmasi'),
(307, 18, '2019-10-04', '101', '21800', '2201800', 'data belum dikonfirmasi'),
(308, 18, '2019-10-16', '162', '22500', '3645000', 'data belum dikonfirmasi'),
(309, 18, '2019-10-22', '153', '23500', '3595500', 'data belum dikonfirmasi'),
(310, 18, '2019-10-30', '180', '21000', '3780000', 'data belum dikonfirmasi'),
(311, 18, '2019-11-05', '174', '20500', '3567000', 'data belum dikonfirmasi'),
(312, 18, '2019-11-13', '120', '20500', '2460000', 'data belum dikonfirmasi'),
(313, 18, '2019-11-20', '192', '21000', '4032000', 'data belum dikonfirmasi'),
(314, 18, '2019-11-27', '163', '20500', '3341500', 'data belum dikonfirmasi'),
(315, 18, '2019-12-04', '110', '19500', '2145000', 'data belum dikonfirmasi'),
(316, 18, '2019-12-10', '126', '19200', '2419200', 'data belum dikonfirmasi'),
(317, 18, '2019-12-18', '105', '19500', '2047500', 'data belum dikonfirmasi'),
(318, 18, '2019-12-25', '124', '19000', '2356000', 'data belum dikonfirmasi'),
(319, 19, '2019-01-01', '144.8', '16600', '2403680', 'data belum dikonfirmasi'),
(320, 19, '2019-01-08', '70', '17000', '1190000', 'data belum dikonfirmasi'),
(321, 19, '2019-01-15', '145.4', '19000', '2762600', 'data belum dikonfirmasi'),
(322, 19, '2019-01-22', '141.1', '21500', '3033650', 'data belum dikonfirmasi'),
(323, 19, '2019-01-29', '140', '21200', '2968000', 'data belum dikonfirmasi'),
(324, 19, '2019-02-05', '140', '21000', '2940000', 'data belum dikonfirmasi'),
(325, 19, '2019-02-12', '134.2', '22000', '2952400', 'data belum dikonfirmasi'),
(326, 19, '2019-02-19', '130', '22500', '2925000', 'data belum dikonfirmasi'),
(327, 19, '2019-02-26', '178.8', '22800', '4076640', 'data belum dikonfirmasi'),
(328, 19, '2019-03-05', '238.5', '22300', '5318550', 'data belum dikonfirmasi'),
(329, 19, '2019-03-12', '254.6', '21300', '5422980', 'data belum dikonfirmasi'),
(330, 19, '2019-03-19', '260', '20800', '5408000', 'data belum dikonfirmasi'),
(331, 19, '2019-03-26', '270', '20000', '5400000', 'data belum dikonfirmasi'),
(332, 19, '2019-04-02', '266.7', '19500', '5200650', 'data belum dikonfirmasi'),
(333, 19, '2019-04-09', '260', '19000', '4940000', 'data belum dikonfirmasi'),
(334, 19, '2019-04-16', '270', '19000', '5130000', 'data belum dikonfirmasi'),
(335, 19, '2019-04-23', '254.1', '19000', '4827900', 'data belum dikonfirmasi'),
(336, 19, '2019-04-30', '260', '19000', '4940000', 'data belum dikonfirmasi'),
(337, 19, '2019-05-07', '258.7', '18800', '4863560', 'data belum dikonfirmasi'),
(338, 19, '2019-05-14', '280', '20000', '5600000', 'data belum dikonfirmasi'),
(339, 19, '2019-05-21', '260', '20000', '5200000', 'data belum dikonfirmasi'),
(340, 19, '2019-05-28', '258.7', '19500', '5044650', 'data belum dikonfirmasi'),
(341, 19, '2019-06-03', '110', '19000', '2090000', 'data belum dikonfirmasi'),
(342, 19, '2019-06-11', '250', '19500', '4875000', 'data belum dikonfirmasi'),
(343, 19, '2019-06-17', '257.5', '22500', '5793750', 'data belum dikonfirmasi'),
(344, 19, '2019-06-24', '250', '24000', '6000000', 'data belum dikonfirmasi'),
(345, 19, '2019-07-02', '334.8', '23500', '7867800', 'data belum dikonfirmasi'),
(346, 19, '2019-07-09', '263.4', '22800', '6005520', 'data belum dikonfirmasi'),
(347, 19, '2019-07-16', '212', '23000', '4876000', 'data belum dikonfirmasi'),
(348, 19, '2019-07-23', '256.6', '24000', '6158400', 'data belum dikonfirmasi'),
(349, 19, '2019-07-31', '316.5', '24500', '7754250', 'data belum dikonfirmasi'),
(350, 19, '2019-08-07', '210', '24000', '5040000', 'data belum dikonfirmasi'),
(351, 19, '2019-08-14', '263.8', '22800', '6014640', 'data belum dikonfirmasi'),
(352, 19, '2019-08-21', '256.1', '20000', '5122000', 'data belum dikonfirmasi'),
(353, 19, '2019-08-28', '249.7', '19000', '4744300', 'data belum dikonfirmasi'),
(354, 19, '2019-09-04', '250', '18000', '4500000', 'data belum dikonfirmasi'),
(355, 19, '2019-09-11', '245.1', '20800', '5098080', 'data belum dikonfirmasi'),
(356, 19, '2019-09-18', '232.4', '21000', '4880400', 'data belum dikonfirmasi'),
(357, 19, '2019-09-28', '224.6', '21300', '4783980', 'data belum dikonfirmasi'),
(358, 19, '2019-10-04', '250', '21800', '5450000', 'data belum dikonfirmasi'),
(359, 19, '2019-10-16', '109.4', '22500', '2461500', 'data belum dikonfirmasi'),
(360, 19, '2019-10-22', '48.7', '23500', '1144450', 'data belum dikonfirmasi'),
(361, 19, '2019-10-30', '96.5', '21000', '2026500', 'data belum dikonfirmasi'),
(362, 19, '2019-11-05', '126.4', '20500', '2591200', 'data belum dikonfirmasi'),
(363, 19, '2019-11-13', '136.2', '20500', '2792100', 'data belum dikonfirmasi'),
(364, 19, '2019-11-20', '138.8', '21000', '2914800', 'data belum dikonfirmasi'),
(365, 19, '2019-11-27', '140', '20500', '2870000', 'data belum dikonfirmasi'),
(366, 19, '2019-12-04', '129.16', '19500', '2518620', 'data belum dikonfirmasi'),
(367, 19, '2019-12-10', '130', '19200', '2496000', 'data belum dikonfirmasi'),
(368, 19, '2019-12-18', '132.5', '19500', '2583750', 'data belum dikonfirmasi'),
(369, 19, '2019-12-25', '144.8', '19000', '2751200', 'data belum dikonfirmasi'),
(370, 19, '2018-01-02', '144.8', '18000', '2606400', 'data belum dikonfirmasi'),
(371, 19, '2018-01-09', '140.6', '17700', '2488620', 'data belum dikonfirmasi'),
(372, 19, '2018-01-16', '145.4', '19000', '2762600', 'data belum dikonfirmasi'),
(373, 19, '2018-01-23', '141.1', '21700', '3061870', 'data belum dikonfirmasi'),
(374, 19, '2018-01-30', '140', '22200', '3108000', 'data belum dikonfirmasi'),
(375, 19, '2018-02-02', '140', '21700', '3038000', 'data belum dikonfirmasi'),
(376, 19, '2018-02-09', '134.2', '21500', '2885300', 'data belum dikonfirmasi'),
(377, 19, '2018-02-16', '130', '21500', '2795000', 'data belum dikonfirmasi'),
(378, 19, '2018-02-23', '178.8', '21300', '3808440', 'data belum dikonfirmasi'),
(379, 19, '2018-03-02', '238.5', '21300', '5080050', 'data belum dikonfirmasi'),
(380, 19, '2018-03-09', '254.6', '21300', '5422980', 'data belum dikonfirmasi'),
(381, 19, '2018-03-16', '260', '21500', '5590000', 'data belum dikonfirmasi'),
(382, 19, '2018-03-23', '270', '22800', '6156000', 'data belum dikonfirmasi'),
(383, 19, '2018-03-30', '266.7', '22400', '5974080', 'data belum dikonfirmasi'),
(384, 19, '2018-04-06', '260', '22400', '5824000', 'data belum dikonfirmasi'),
(385, 19, '2018-04-13', '270', '22200', '5994000', 'data belum dikonfirmasi'),
(386, 19, '2018-04-20', '254.1', '22200', '5641020', 'data belum dikonfirmasi'),
(387, 19, '2018-04-27', '260', '22000', '5720000', 'data belum dikonfirmasi'),
(388, 19, '2018-05-03', '258.7', '21000', '5432700', 'data belum dikonfirmasi'),
(389, 19, '2018-05-11', '280', '21000', '5880000', 'data belum dikonfirmasi'),
(390, 19, '2018-05-18', '260', '21000', '5460000', 'data belum dikonfirmasi'),
(391, 19, '2018-05-24', '258.7', '22300', '5769010', 'data belum dikonfirmasi'),
(392, 19, '2018-05-31', '110', '23000', '2530000', 'data belum dikonfirmasi'),
(393, 19, '2018-06-08', '250', '23000', '5750000', 'data belum dikonfirmasi'),
(394, 19, '2018-06-11', '257.5', '23000', '5922500', 'data belum dikonfirmasi'),
(395, 19, '2018-06-20', '250', '22400', '5600000', 'data belum dikonfirmasi'),
(396, 19, '2018-06-23', '334.8', '22400', '7499520', 'data belum dikonfirmasi'),
(397, 19, '2018-07-02', '263.4', '23000', '6058200', 'data belum dikonfirmasi'),
(398, 19, '2018-07-11', '212', '24000', '5088000', 'data belum dikonfirmasi'),
(399, 19, '2018-07-19', '256.6', '25000', '6415000', 'data belum dikonfirmasi'),
(400, 19, '2018-07-26', '316.5', '25500', '8070750', 'data belum dikonfirmasi'),
(401, 19, '2018-08-02', '210', '25500', '5355000', 'data belum dikonfirmasi'),
(402, 19, '2018-08-09', '263.8', '25500', '6726900', 'data belum dikonfirmasi'),
(403, 19, '2018-08-11', '256.1', '25500', '6530550', 'data belum dikonfirmasi'),
(404, 19, '2018-08-23', '249.7', '21000', '5243700', 'data belum dikonfirmasi'),
(405, 19, '2018-09-01', '250', '17700', '4425000', 'data belum dikonfirmasi'),
(406, 19, '2018-09-10', '245.1', '14500', '3553950', 'data belum dikonfirmasi'),
(407, 19, '2018-09-17', '232.4', '16000', '3718400', 'data belum dikonfirmasi'),
(408, 19, '2018-09-20', '224.6', '17500', '3930500', 'data belum dikonfirmasi'),
(409, 19, '2018-09-27', '250', '18000', '4500000', 'data belum dikonfirmasi'),
(410, 19, '2018-10-04', '109.4', '18500', '2023900', 'data belum dikonfirmasi'),
(411, 19, '2018-10-08', '98.9', '18500', '1829650', 'data belum dikonfirmasi'),
(412, 19, '2018-10-13', '96.5', '21300', '2055450', 'data belum dikonfirmasi'),
(413, 19, '2018-10-18', '126.4', '24000', '3033600', 'data belum dikonfirmasi'),
(414, 19, '2018-10-25', '136.2', '24500', '3336900', 'data belum dikonfirmasi'),
(415, 19, '2018-10-30', '138.8', '21000', '2914800', 'data belum dikonfirmasi'),
(416, 19, '2018-11-05', '140', '21000', '2940000', 'data belum dikonfirmasi'),
(417, 19, '2018-11-10', '129.16', '20500', '2647780', 'data belum dikonfirmasi'),
(418, 19, '2018-11-17', '130', '21000', '2730000', 'data belum dikonfirmasi'),
(419, 19, '2018-11-24', '132.5', '20800', '2756000', 'data belum dikonfirmasi'),
(420, 19, '2018-11-27', '144.8', '20500', '2968400', 'data belum dikonfirmasi'),
(421, 19, '2018-12-04', '150', '19500', '2925000', 'data belum dikonfirmasi'),
(422, 19, '2018-12-12', '133.4', '19500', '2601300', 'data belum dikonfirmasi'),
(423, 19, '2018-12-19', '125.8', '19200', '2415360', 'data belum dikonfirmasi'),
(424, 19, '2018-12-25', '130', '18200', '2366000', 'data belum dikonfirmasi'),
(425, 15, '2018-01-02', '116', '18000', '2088000', 'data belum dikonfirmasi'),
(426, 15, '2018-01-09', '125', '17700', '2212500', 'data belum dikonfirmasi'),
(427, 15, '2018-01-16', '127', '19000', '2413000', 'data belum dikonfirmasi'),
(428, 15, '2018-01-23', '100', '21700', '2170000', 'data belum dikonfirmasi'),
(429, 15, '2018-01-30', '142', '22200', '3152400', 'data belum dikonfirmasi'),
(430, 15, '2018-02-02', '125', '21700', '2712500', 'data belum dikonfirmasi'),
(431, 15, '2018-02-09', '123', '21500', '2644500', 'data belum dikonfirmasi'),
(432, 15, '2018-02-16', '139', '21500', '2988500', 'data belum dikonfirmasi'),
(433, 15, '2018-02-23', '136', '21300', '2896800', 'data belum dikonfirmasi'),
(434, 15, '2018-03-02', '119', '21300', '2534700', 'data belum dikonfirmasi'),
(435, 15, '2018-03-09', '110', '21300', '2343000', 'data belum dikonfirmasi'),
(436, 15, '2018-03-16', '112', '21500', '2408000', 'data belum dikonfirmasi'),
(437, 15, '2018-03-23', '118', '22800', '2690400', 'data belum dikonfirmasi'),
(438, 15, '2018-03-30', '136', '22400', '3046400', 'data belum dikonfirmasi'),
(439, 15, '2018-04-06', '116', '22400', '2598400', 'data belum dikonfirmasi'),
(440, 15, '2018-04-13', '142', '22200', '3152400', 'data belum dikonfirmasi'),
(441, 15, '2018-04-20', '103', '22200', '2286600', 'data belum dikonfirmasi'),
(442, 15, '2018-04-27', '107', '22000', '2354000', 'data belum dikonfirmasi'),
(443, 15, '2018-05-03', '121', '21000', '2541000', 'data belum dikonfirmasi'),
(444, 15, '2018-05-11', '119', '21000', '2499000', 'data belum dikonfirmasi'),
(445, 15, '2018-05-18', '148', '21000', '3108000', 'data belum dikonfirmasi'),
(446, 15, '2018-05-24', '107', '22300', '2386100', 'data belum dikonfirmasi'),
(447, 15, '2018-05-31', '136', '23000', '3128000', 'data belum dikonfirmasi'),
(448, 15, '2018-06-08', '108', '23000', '2484000', 'data belum dikonfirmasi'),
(449, 15, '2018-06-11', '143', '23000', '3289000', 'data belum dikonfirmasi'),
(450, 15, '2018-06-20', '141', '22400', '3158400', 'data belum dikonfirmasi'),
(451, 15, '2018-06-23', '125', '22400', '2800000', 'data belum dikonfirmasi'),
(452, 15, '2018-07-02', '111', '23000', '2553000', 'data belum dikonfirmasi'),
(453, 15, '2018-07-11', '141', '24000', '3384000', 'data belum dikonfirmasi'),
(454, 15, '2018-07-19', '123', '25000', '3075000', 'data belum dikonfirmasi'),
(455, 15, '2018-07-26', '111', '25500', '2830500', 'data belum dikonfirmasi'),
(456, 15, '2018-08-02', '121', '25500', '3085500', 'data belum dikonfirmasi'),
(457, 15, '2018-08-09', '127', '25500', '3238500', 'data belum dikonfirmasi'),
(458, 15, '2018-08-11', '112', '25500', '2856000', 'data belum dikonfirmasi'),
(459, 15, '2018-08-23', '104', '21000', '2184000', 'data belum dikonfirmasi'),
(460, 15, '2018-09-01', '125', '17700', '2212500', 'data belum dikonfirmasi'),
(461, 15, '2018-09-10', '147', '14500', '2131500', 'data belum dikonfirmasi'),
(462, 15, '2018-09-17', '124', '16000', '1984000', 'data belum dikonfirmasi'),
(463, 15, '2018-09-20', '133', '17500', '2327500', 'data belum dikonfirmasi'),
(464, 15, '2018-09-27', '147', '18000', '2646000', 'data belum dikonfirmasi'),
(465, 15, '2018-10-04', '126', '18500', '2331000', 'data belum dikonfirmasi'),
(466, 15, '2018-10-08', '126', '18500', '2331000', 'data belum dikonfirmasi'),
(467, 15, '2018-10-13', '111', '21300', '2364300', 'data belum dikonfirmasi'),
(468, 15, '2018-10-18', '138', '24000', '3312000', 'data belum dikonfirmasi'),
(469, 15, '2018-10-25', '114', '24500', '2793000', 'data belum dikonfirmasi'),
(470, 15, '2018-10-30', '121', '21000', '2541000', 'data belum dikonfirmasi'),
(471, 15, '2018-11-05', '135', '21000', '2835000', 'data belum dikonfirmasi'),
(472, 15, '2018-11-10', '138', '20500', '2829000', 'data belum dikonfirmasi'),
(473, 15, '2018-11-17', '133', '21000', '2793000', 'data belum dikonfirmasi'),
(474, 15, '2018-11-24', '145', '20800', '3016000', 'data belum dikonfirmasi'),
(475, 15, '2018-11-27', '125', '20500', '2562500', 'data belum dikonfirmasi'),
(476, 15, '2018-12-04', '118', '19500', '2301000', 'data belum dikonfirmasi'),
(477, 15, '2018-12-12', '139', '19500', '2710500', 'data belum dikonfirmasi'),
(478, 15, '2018-12-19', '132', '19200', '2534400', 'data belum dikonfirmasi'),
(479, 15, '2018-12-25', '131', '18200', '2384200', 'data belum dikonfirmasi'),
(480, 16, '2018-01-02', '160', '18000', '2880000', 'data belum dikonfirmasi'),
(481, 16, '2018-01-09', '153', '17700', '2708100', 'data belum dikonfirmasi'),
(482, 16, '2018-01-16', '158', '19000', '3002000', 'data belum dikonfirmasi'),
(483, 16, '2018-01-23', '151', '21700', '3276700', 'data belum dikonfirmasi'),
(484, 16, '2018-01-30', '149', '22200', '3307800', 'data belum dikonfirmasi'),
(485, 16, '2018-02-02', '135', '21700', '2929500', 'data belum dikonfirmasi'),
(486, 16, '2018-02-09', '170', '21500', '3655000', 'data belum dikonfirmasi'),
(487, 16, '2018-02-16', '123', '21500', '2644500', 'data belum dikonfirmasi'),
(488, 16, '2018-02-23', '131', '21300', '2790300', 'data belum dikonfirmasi'),
(489, 16, '2018-03-02', '136', '21300', '2896800', 'data belum dikonfirmasi'),
(490, 16, '2018-03-09', '161', '21300', '3429300', 'data belum dikonfirmasi'),
(491, 16, '2018-03-16', '123', '21500', '2644500', 'data belum dikonfirmasi'),
(492, 16, '2018-03-23', '153', '22800', '3488400', 'data belum dikonfirmasi'),
(493, 16, '2018-03-30', '165', '22400', '3696000', 'data belum dikonfirmasi'),
(494, 16, '2018-04-06', '128', '22400', '2867200', 'data belum dikonfirmasi'),
(495, 16, '2018-04-13', '149', '22200', '3307800', 'data belum dikonfirmasi'),
(496, 16, '2018-04-20', '168', '22200', '3729600', 'data belum dikonfirmasi'),
(497, 16, '2018-04-27', '126', '22000', '2772000', 'data belum dikonfirmasi'),
(498, 16, '2018-05-03', '169', '21000', '3549000', 'data belum dikonfirmasi'),
(499, 16, '2018-05-11', '154', '21000', '3234000', 'data belum dikonfirmasi'),
(500, 16, '2018-05-18', '163', '21000', '3423000', 'data belum dikonfirmasi'),
(501, 16, '2018-05-24', '168', '22300', '3746400', 'data belum dikonfirmasi'),
(502, 16, '2018-05-31', '127', '23000', '2921000', 'data belum dikonfirmasi'),
(503, 16, '2018-06-08', '162', '23000', '3726000', 'data belum dikonfirmasi'),
(504, 16, '2018-06-11', '130', '23000', '2990000', 'data belum dikonfirmasi'),
(505, 16, '2018-06-20', '128', '22400', '2867200', 'data belum dikonfirmasi'),
(506, 16, '2018-06-23', '163', '22400', '3651200', 'data belum dikonfirmasi'),
(507, 16, '2018-07-02', '123', '23000', '2829000', 'data belum dikonfirmasi'),
(508, 16, '2018-07-11', '138', '24000', '3312000', 'data belum dikonfirmasi'),
(509, 16, '2018-07-19', '168', '25000', '4200000', 'data belum dikonfirmasi'),
(510, 16, '2018-07-26', '164', '25500', '4182000', 'data belum dikonfirmasi'),
(511, 16, '2018-08-02', '162', '25500', '4131000', 'data belum dikonfirmasi'),
(512, 16, '2018-08-09', '168', '25500', '4284000', 'data belum dikonfirmasi'),
(513, 16, '2018-08-11', '142', '25500', '3621000', 'data belum dikonfirmasi'),
(514, 16, '2018-08-23', '165', '21000', '3465000', 'data belum dikonfirmasi'),
(515, 16, '2018-09-01', '133', '17700', '2354100', 'data belum dikonfirmasi'),
(516, 16, '2018-09-10', '148', '14500', '2146000', 'data belum dikonfirmasi'),
(517, 16, '2018-09-17', '152', '16000', '2432000', 'data belum dikonfirmasi'),
(518, 16, '2018-09-20', '154', '17500', '2695000', 'data belum dikonfirmasi'),
(519, 16, '2018-09-27', '160', '18000', '2880000', 'data belum dikonfirmasi'),
(520, 16, '2018-10-04', '167', '18500', '3089500', 'data belum dikonfirmasi'),
(521, 16, '2018-10-08', '154', '18500', '2849000', 'data belum dikonfirmasi'),
(522, 16, '2018-10-13', '151', '21300', '3216300', 'data belum dikonfirmasi'),
(523, 16, '2018-10-18', '168', '24000', '4032000', 'data belum dikonfirmasi'),
(524, 16, '2018-10-25', '131', '24500', '3209500', 'data belum dikonfirmasi'),
(525, 16, '2018-10-30', '149', '21000', '3129000', 'data belum dikonfirmasi'),
(526, 16, '2018-11-05', '150', '21000', '3150000', 'data belum dikonfirmasi'),
(527, 16, '2018-11-10', '126', '20500', '2583000', 'data belum dikonfirmasi'),
(528, 16, '2018-11-17', '134', '21000', '2814000', 'data belum dikonfirmasi'),
(529, 16, '2018-11-24', '157', '20800', '3265600', 'data belum dikonfirmasi'),
(530, 16, '2018-11-27', '133', '20500', '2726500', 'data belum dikonfirmasi'),
(531, 16, '2018-12-04', '156', '19500', '3042000', 'data belum dikonfirmasi'),
(532, 16, '2018-12-12', '122', '19500', '2379000', 'data belum dikonfirmasi'),
(533, 16, '2018-12-19', '147', '19200', '2822400', 'data belum dikonfirmasi'),
(534, 16, '2018-12-25', '165', '18200', '3003000', 'data belum dikonfirmasi'),
(535, 18, '2018-01-02', '73', '18000', '1314000', 'data belum dikonfirmasi'),
(536, 18, '2018-01-09', '80', '17700', '1416000', 'data belum dikonfirmasi'),
(537, 18, '2018-01-16', '87', '19000', '1653000', 'data belum dikonfirmasi'),
(538, 18, '2018-01-23', '80', '21700', '1736000', 'data belum dikonfirmasi'),
(539, 18, '2018-01-30', '90', '22200', '1998000', 'data belum dikonfirmasi'),
(540, 18, '2018-02-02', '71', '21700', '1540700', 'data belum dikonfirmasi'),
(541, 18, '2018-02-09', '85', '21500', '1827500', 'data belum dikonfirmasi'),
(542, 18, '2018-02-16', '75', '21500', '1612500', 'data belum dikonfirmasi'),
(543, 18, '2018-02-23', '94', '21300', '2002200', 'data belum dikonfirmasi'),
(544, 18, '2018-03-02', '99', '21300', '2108700', 'data belum dikonfirmasi'),
(545, 18, '2018-03-09', '100', '21300', '2130000', 'data belum dikonfirmasi'),
(546, 18, '2018-03-16', '71', '21500', '1526500', 'data belum dikonfirmasi'),
(547, 18, '2018-03-23', '94', '22800', '2143200', 'data belum dikonfirmasi'),
(548, 18, '2018-03-30', '83', '22400', '1859200', 'data belum dikonfirmasi'),
(549, 18, '2018-04-06', '98', '22400', '2195200', 'data belum dikonfirmasi'),
(550, 18, '2018-04-13', '97', '22200', '2153400', 'data belum dikonfirmasi'),
(551, 18, '2018-04-20', '84', '22200', '1864800', 'data belum dikonfirmasi'),
(552, 18, '2018-04-27', '94', '22000', '2068000', 'data belum dikonfirmasi'),
(553, 18, '2018-05-03', '72', '21000', '1512000', 'data belum dikonfirmasi'),
(554, 18, '2018-05-11', '75', '21000', '1575000', 'data belum dikonfirmasi'),
(555, 18, '2018-05-18', '74', '21000', '1554000', 'data belum dikonfirmasi'),
(556, 18, '2018-05-24', '76', '22300', '1694800', 'data belum dikonfirmasi'),
(557, 18, '2018-05-31', '74', '23000', '1702000', 'data belum dikonfirmasi'),
(558, 18, '2018-06-08', '87', '23000', '2001000', 'data belum dikonfirmasi'),
(559, 18, '2018-06-11', '90', '23000', '2070000', 'data belum dikonfirmasi'),
(560, 18, '2018-06-20', '71', '22400', '1590400', 'data belum dikonfirmasi'),
(561, 18, '2018-06-23', '70', '22400', '1568000', 'data belum dikonfirmasi'),
(562, 18, '2018-07-02', '81', '23000', '1863000', 'data belum dikonfirmasi'),
(563, 18, '2018-07-11', '91', '24000', '2184000', 'data belum dikonfirmasi'),
(564, 18, '2018-07-19', '77', '25000', '1925000', 'data belum dikonfirmasi'),
(565, 18, '2018-07-26', '93', '25500', '2371500', 'data belum dikonfirmasi'),
(566, 18, '2018-08-02', '98', '25500', '2499000', 'data belum dikonfirmasi'),
(567, 18, '2018-08-09', '82', '25500', '2091000', 'data belum dikonfirmasi'),
(568, 18, '2018-08-11', '95', '25500', '2422500', 'data belum dikonfirmasi'),
(569, 18, '2018-08-23', '87', '21000', '1827000', 'data belum dikonfirmasi'),
(570, 18, '2018-09-01', '70', '17700', '1239000', 'data belum dikonfirmasi'),
(571, 18, '2018-09-10', '90', '14500', '1305000', 'data belum dikonfirmasi'),
(572, 18, '2018-09-17', '70', '16000', '1120000', 'data belum dikonfirmasi'),
(573, 18, '2018-09-20', '100', '17500', '1750000', 'data belum dikonfirmasi'),
(574, 18, '2018-09-27', '86', '18000', '1548000', 'data belum dikonfirmasi'),
(575, 18, '2018-10-04', '95', '18500', '1757500', 'data belum dikonfirmasi'),
(576, 18, '2018-10-08', '85', '18500', '1572500', 'data belum dikonfirmasi'),
(577, 18, '2018-10-13', '72', '21300', '1533600', 'data belum dikonfirmasi'),
(578, 18, '2018-10-18', '77', '24000', '1848000', 'data belum dikonfirmasi'),
(579, 18, '2018-10-25', '87', '24500', '2131500', 'data belum dikonfirmasi'),
(580, 18, '2018-10-30', '91', '21000', '1911000', 'data belum dikonfirmasi'),
(581, 18, '2018-11-05', '91', '21000', '1911000', 'data belum dikonfirmasi'),
(582, 18, '2018-11-10', '70', '20500', '1435000', 'data belum dikonfirmasi'),
(583, 18, '2018-11-17', '92', '21000', '1932000', 'data belum dikonfirmasi'),
(584, 18, '2018-11-24', '76', '20800', '1580800', 'data belum dikonfirmasi'),
(585, 18, '2018-11-27', '88', '20500', '1804000', 'data belum dikonfirmasi'),
(586, 18, '2018-12-04', '77', '19500', '1501500', 'data belum dikonfirmasi'),
(587, 18, '2018-12-12', '79', '19500', '1540500', 'data belum dikonfirmasi'),
(588, 18, '2018-12-19', '98', '19200', '1881600', 'data belum dikonfirmasi'),
(589, 18, '2018-12-25', '83', '18200', '1510600', 'data belum dikonfirmasi');

-- --------------------------------------------------------

--
-- Struktur dari tabel `user`
--

CREATE TABLE `user` (
  `id_user` int(11) NOT NULL,
  `id_user_level` int(11) NOT NULL,
  `nama_lengkap` varchar(100) NOT NULL,
  `alamat` varchar(500) NOT NULL,
  `username` varchar(50) NOT NULL,
  `password` varchar(50) NOT NULL
) ENGINE=InnoDB DEFAULT CHARSET=latin1;

--
-- Dumping data untuk tabel `user`
--

INSERT INTO `user` (`id_user`, `id_user_level`, `nama_lengkap`, `alamat`, `username`, `password`) VALUES
(5, 2, 'anisa', 'sanggrhan', 'anisa', '40cc8f68f52757aff1ad39a006bfbf11'),
(8, 1, 'aksin almahfudi', 'Dsn. Sanggrahan RT/RW 01/01 Ds. Jugo', 'admin', '21232f297a57a5a743894a0e4a801fc3'),
(13, 2, 'Pak Kalim', 'Dsn. Unggahan RT/RW 01/01 Ds. Ngadri', 'kalim', '6a79564b3d00f85ca3aae5c990346b93'),
(15, 2, 'Pak Damuri', 'Dsn. Sanggrahan RT/RW 01/01 Ds. Jugo', 'damuri', '8d7580fc562863f9d62e039a2a5c6597'),
(16, 2, 'Pak Imam', 'Dsn. Sanggrahan RT/RW 01/01 Ds. Jugo', 'imam', 'eaccb8ea6090a40a98aa28c071810371'),
(18, 2, 'Pak Anhar', 'Dsn. Ngembul RT/RW 01/01 Ds. Ngadri', 'anhar', '68aacc5d77146a2398ca64c5c3c596f6'),
(19, 2, 'Pak Aksin', 'Dsn. Sanggrahan RT/RW 01/01 Ds. Jugo', 'aksin', '64659baba7035a29d18431e8a7716a0a');

-- --------------------------------------------------------

--
-- Struktur dari tabel `user_level`
--

CREATE TABLE `user_level` (
  `id_user_level` int(11) NOT NULL,
  `user_level` varchar(50) NOT NULL
) ENGINE=InnoDB DEFAULT CHARSET=latin1;

--
-- Dumping data untuk tabel `user_level`
--

INSERT INTO `user_level` (`id_user_level`, `user_level`) VALUES
(1, 'administrator'),
(2, 'peternak');

--
-- Indexes for dumped tables
--

--
-- Indeks untuk tabel `histori_log`
--
ALTER TABLE `histori_log`
  ADD PRIMARY KEY (`log_id`),
  ADD KEY `log_user` (`log_user`);

--
-- Indeks untuk tabel `setoran_telur`
--
ALTER TABLE `setoran_telur`
  ADD PRIMARY KEY (`id_setoran`),
  ADD KEY `id_user` (`id_user`);

--
-- Indeks untuk tabel `user`
--
ALTER TABLE `user`
  ADD PRIMARY KEY (`id_user`),
  ADD KEY `id_user_level` (`id_user_level`);

--
-- Indeks untuk tabel `user_level`
--
ALTER TABLE `user_level`
  ADD PRIMARY KEY (`id_user_level`);

--
-- AUTO_INCREMENT untuk tabel yang dibuang
--

--
-- AUTO_INCREMENT untuk tabel `histori_log`
--
ALTER TABLE `histori_log`
  MODIFY `log_id` int(11) NOT NULL AUTO_INCREMENT, AUTO_INCREMENT=278;

--
-- AUTO_INCREMENT untuk tabel `setoran_telur`
--
ALTER TABLE `setoran_telur`
  MODIFY `id_setoran` int(11) NOT NULL AUTO_INCREMENT, AUTO_INCREMENT=590;

--
-- AUTO_INCREMENT untuk tabel `user`
--
ALTER TABLE `user`
  MODIFY `id_user` int(11) NOT NULL AUTO_INCREMENT, AUTO_INCREMENT=20;

--
-- AUTO_INCREMENT untuk tabel `user_level`
--
ALTER TABLE `user_level`
  MODIFY `id_user_level` int(11) NOT NULL AUTO_INCREMENT, AUTO_INCREMENT=3;

--
-- Ketidakleluasaan untuk tabel pelimpahan (Dumped Tables)
--

--
-- Ketidakleluasaan untuk tabel `histori_log`
--
ALTER TABLE `histori_log`
  ADD CONSTRAINT `histori_log_ibfk_1` FOREIGN KEY (`log_user`) REFERENCES `user` (`id_user`) ON DELETE CASCADE ON UPDATE CASCADE;

--
-- Ketidakleluasaan untuk tabel `setoran_telur`
--
ALTER TABLE `setoran_telur`
  ADD CONSTRAINT `setoran_telur_ibfk_1` FOREIGN KEY (`id_user`) REFERENCES `user` (`id_user`) ON DELETE CASCADE ON UPDATE CASCADE;

--
-- Ketidakleluasaan untuk tabel `user`
--
ALTER TABLE `user`
  ADD CONSTRAINT `user_ibfk_1` FOREIGN KEY (`id_user_level`) REFERENCES `user_level` (`id_user_level`) ON DELETE CASCADE ON UPDATE CASCADE;
COMMIT;

/*!40101 SET CHARACTER_SET_CLIENT=@OLD_CHARACTER_SET_CLIENT */;
/*!40101 SET CHARACTER_SET_RESULTS=@OLD_CHARACTER_SET_RESULTS */;
/*!40101 SET COLLATION_CONNECTION=@OLD_COLLATION_CONNECTION */;
